{"uid":"b1a8273437954620fa374b796ffaacdd","name":"behaviors","children":[{"name":"Handle Tables Pagination","uid":"a4e82b130b150d59","parentUid":"b1a8273437954620fa374b796ffaacdd","status":"passed","time":{"start":1718606434000,"stop":1718606454450,"duration":20450},"flaky":false,"newFailed":false,"newPassed":false,"newBroken":false,"retriesCount":0,"retriesStatusChange":false,"parameters":[],"tags":[]},{"name":"Handle Tables Read all the rows & Columns data in the first page","uid":"b37fd960190cfe1e","parentUid":"b1a8273437954620fa374b796ffaacdd","status":"passed","time":{"start":1718606434000,"stop":1718606436684,"duration":2684},"flaky":false,"newFailed":false,"newPassed":false,"newBroken":false,"retriesCount":0,"retriesStatusChange":false,"parameters":[],"tags":[]},{"name":"Handle Tables \"before each\" hook: Login for \"Read all the rows & Columns data in the first page\"","uid":"8c03b079a18f2fce","parentUid":"b1a8273437954620fa374b796ffaacdd","status":"failed","time":{"start":1718608250000,"stop":1718608250000,"duration":0},"flaky":false,"newFailed":false,"newPassed":false,"newBroken":false,"retriesCount":0,"retriesStatusChange":false,"parameters":[],"tags":[]},{"name":"Handle Tables Check Number Rows & Columns","uid":"21068e44d566b603","parentUid":"b1a8273437954620fa374b796ffaacdd","status":"passed","time":{"start":1718608250000,"stop":1718608253675,"duration":3675},"flaky":false,"newFailed":false,"newPassed":false,"newBroken":false,"retriesCount":1,"retriesStatusChange":false,"parameters":[],"tags":[]},{"name":"Handle Tables Check cell data from specific row & Column","uid":"55fa234756450f73","parentUid":"b1a8273437954620fa374b796ffaacdd","status":"passed","time":{"start":1718608250000,"stop":1718608252590,"duration":2590},"flaky":false,"newFailed":false,"newPassed":false,"newBroken":false,"retriesCount":1,"retriesStatusChange":false,"parameters":[],"tags":[]},{"name":"Assertion Demo explicit assertion","uid":"4aa20d1e2c434925","parentUid":"b1a8273437954620fa374b796ffaacdd","status":"passed","time":{"start":1718608345000,"stop":1718608345372,"duration":372},"flaky":false,"newFailed":false,"newPassed":false,"newBroken":false,"retriesCount":2,"retriesStatusChange":false,"parameters":[],"tags":[]},{"name":"handeling frames approch1","uid":"1da0de86ab192880","parentUid":"b1a8273437954620fa374b796ffaacdd","status":"passed","time":{"start":1718608349000,"stop":1718608352752,"duration":3752},"flaky":false,"newFailed":false,"newPassed":false,"newBroken":false,"retriesCount":2,"retriesStatusChange":false,"parameters":[],"tags":[]},{"name":"handeling frames approch2","uid":"8a3b9ad428f0e367","parentUid":"b1a8273437954620fa374b796ffaacdd","status":"passed","time":{"start":1718608349000,"stop":1718608352063,"duration":3063},"flaky":false,"newFailed":false,"newPassed":false,"newBroken":false,"retriesCount":2,"retriesStatusChange":false,"parameters":[],"tags":[]},{"name":"appraoch1 appraoch2","uid":"f4d9724175b17e48","parentUid":"b1a8273437954620fa374b796ffaacdd","status":"passed","time":{"start":1718608360000,"stop":1718608365852,"duration":5852},"flaky":false,"newFailed":false,"newPassed":false,"newBroken":false,"retriesCount":2,"retriesStatusChange":false,"parameters":[],"tags":[]},{"name":"appraoch1 approach1","uid":"25b377cab4c85113","parentUid":"b1a8273437954620fa374b796ffaacdd","status":"passed","time":{"start":1718608360000,"stop":1718608367931,"duration":7931},"flaky":false,"newFailed":false,"newPassed":false,"newBroken":false,"retriesCount":2,"retriesStatusChange":false,"parameters":[],"tags":[]},{"name":"Alerts JS Confirm Alert with Cancel","uid":"512d8ef58c953079","parentUid":"b1a8273437954620fa374b796ffaacdd","status":"passed","time":{"start":1718608378000,"stop":1718608378383,"duration":383},"flaky":false,"newFailed":false,"newPassed":false,"newBroken":false,"retriesCount":2,"retriesStatusChange":false,"parameters":[],"tags":[]},{"name":"Alerts Authenticated alert","uid":"1736794ba1d754d9","parentUid":"b1a8273437954620fa374b796ffaacdd","status":"passed","time":{"start":1718608378000,"stop":1718608379739,"duration":1739},"flaky":false,"newFailed":false,"newPassed":false,"newBroken":false,"retriesCount":2,"retriesStatusChange":false,"parameters":[],"tags":[]},{"name":"Alerts JS Confirm Alert with Prompt","uid":"e81ca75242a1bcdd","parentUid":"b1a8273437954620fa374b796ffaacdd","status":"passed","time":{"start":1718608378000,"stop":1718608378599,"duration":599},"flaky":false,"newFailed":false,"newPassed":false,"newBroken":false,"retriesCount":2,"retriesStatusChange":false,"parameters":[],"tags":[]},{"name":"Alerts JS Confirm Alert with OK","uid":"b3d706df94a9eeb4","parentUid":"b1a8273437954620fa374b796ffaacdd","status":"passed","time":{"start":1718608378000,"stop":1718608378385,"duration":385},"flaky":false,"newFailed":false,"newPassed":false,"newBroken":false,"retriesCount":2,"retriesStatusChange":false,"parameters":[],"tags":[]},{"name":"Alerts JS Alert","uid":"7291d63b7a505b72","parentUid":"b1a8273437954620fa374b796ffaacdd","status":"passed","time":{"start":1718608378000,"stop":1718608381603,"duration":3603},"flaky":false,"newFailed":false,"newPassed":false,"newBroken":false,"retriesCount":2,"retriesStatusChange":false,"parameters":[],"tags":[]},{"name":"Css Selector css","uid":"f94bb206e94b6ef4","parentUid":"b1a8273437954620fa374b796ffaacdd","status":"passed","time":{"start":1718608391000,"stop":1718608392949,"duration":1949},"flaky":false,"newFailed":false,"newPassed":false,"newBroken":false,"retriesCount":2,"retriesStatusChange":false,"parameters":[],"tags":[]},{"name":"static dropdown Dropdown with select","uid":"5925a4b2146e63e4","parentUid":"b1a8273437954620fa374b796ffaacdd","status":"passed","time":{"start":1718608396000,"stop":1718608400137,"duration":4137},"flaky":false,"newFailed":false,"newPassed":false,"newBroken":false,"retriesCount":2,"retriesStatusChange":false,"parameters":[],"tags":[]},{"name":"static dropdown Dynamic dropdown","uid":"37155b916671adb","parentUid":"b1a8273437954620fa374b796ffaacdd","status":"passed","time":{"start":1718608396000,"stop":1718608403077,"duration":7077},"flaky":false,"newFailed":false,"newPassed":false,"newBroken":false,"retriesCount":2,"retriesStatusChange":false,"parameters":[],"tags":[]},{"name":"user sign up & login flow Login","uid":"e4c133699ae01ac4","parentUid":"b1a8273437954620fa374b796ffaacdd","status":"passed","time":{"start":1718608414000,"stop":1718608415557,"duration":1557},"flaky":false,"newFailed":false,"newPassed":false,"newBroken":false,"retriesCount":2,"retriesStatusChange":false,"parameters":[],"tags":[]},{"name":"user sign up & login flow should sign up successfully","uid":"a58f9b058eda82a8","parentUid":"b1a8273437954620fa374b796ffaacdd","status":"passed","time":{"start":1718608414000,"stop":1718608417495,"duration":3495},"flaky":false,"newFailed":false,"newPassed":false,"newBroken":false,"retriesCount":2,"retriesStatusChange":false,"parameters":[],"tags":[]},{"name":"user sign up & login flow Inupt section","uid":"6874f0ce2eb5cb70","parentUid":"b1a8273437954620fa374b796ffaacdd","status":"passed","time":{"start":1718608414000,"stop":1718608415406,"duration":1406},"flaky":false,"newFailed":false,"newPassed":false,"newBroken":false,"retriesCount":2,"retriesStatusChange":false,"parameters":[],"tags":[]},{"name":"My First Test test1","uid":"77b5be9708aa7299","parentUid":"b1a8273437954620fa374b796ffaacdd","status":"passed","time":{"start":1718608424000,"stop":1718608425648,"duration":1648},"flaky":false,"newFailed":false,"newPassed":false,"newBroken":false,"retriesCount":2,"retriesStatusChange":false,"parameters":[],"tags":[]},{"name":"My First Test test2","uid":"87691b9437a7982c","parentUid":"b1a8273437954620fa374b796ffaacdd","status":"passed","time":{"start":1718608424000,"stop":1718608425373,"duration":1373},"flaky":false,"newFailed":false,"newPassed":false,"newBroken":false,"retriesCount":2,"retriesStatusChange":false,"parameters":[],"tags":[]},{"name":"My Second Test test3","uid":"786c71a5473fd812","parentUid":"b1a8273437954620fa374b796ffaacdd","status":"passed","time":{"start":1718608432000,"stop":1718608435143,"duration":3143},"flaky":false,"newFailed":false,"newPassed":false,"newBroken":false,"retriesCount":2,"retriesStatusChange":false,"parameters":[],"tags":[]},{"name":"My Second Test test4","uid":"8912a3c5c560f468","parentUid":"b1a8273437954620fa374b796ffaacdd","status":"passed","time":{"start":1718608432000,"stop":1718608432830,"duration":830},"flaky":false,"newFailed":false,"newPassed":false,"newBroken":false,"retriesCount":2,"retriesStatusChange":false,"parameters":[],"tags":[]},{"name":"Check UI elements checking radio button","uid":"fb55c9fa3a8d16ed","parentUid":"b1a8273437954620fa374b796ffaacdd","status":"passed","time":{"start":1718608440000,"stop":1718608442312,"duration":2312},"flaky":false,"newFailed":false,"newPassed":false,"newBroken":false,"retriesCount":2,"retriesStatusChange":false,"parameters":[],"tags":[]},{"name":"Handle Tables \"before each\" hook: Login for \"Check Number Rows & Columns\"","uid":"15f4783ea2337309","parentUid":"b1a8273437954620fa374b796ffaacdd","status":"failed","time":{"start":1718608446000,"stop":1718608446000,"duration":0},"flaky":false,"newFailed":false,"newPassed":false,"newBroken":false,"retriesCount":0,"retriesStatusChange":false,"parameters":[],"tags":[]}]}