{"uid":"83edc06c07f9ae9e47eb6dd1b683e4e2","name":"packages","children":[{"name":"Pagination","children":[{"name":"Handle Tables Pagination","uid":"a4e82b130b150d59","parentUid":"cd86b21971663b0da62d16f5e189de6b","status":"passed","time":{"start":1718606434000,"stop":1718606454450,"duration":20450},"flaky":false,"newFailed":false,"newPassed":false,"newBroken":false,"retriesCount":0,"retriesStatusChange":false,"parameters":[],"tags":[]}],"uid":"cd86b21971663b0da62d16f5e189de6b"},{"name":"Read all the rows & Columns data in the first page","children":[{"name":"Handle Tables Read all the rows & Columns data in the first page","uid":"b37fd960190cfe1e","parentUid":"ec9256d4ed5fbc98a99e996f880b33d6","status":"passed","time":{"start":1718606434000,"stop":1718606436684,"duration":2684},"flaky":false,"newFailed":false,"newPassed":false,"newBroken":false,"retriesCount":0,"retriesStatusChange":false,"parameters":[],"tags":[]}],"uid":"ec9256d4ed5fbc98a99e996f880b33d6"},{"name":"\"before each\" hook: Login for \"Read all the rows & Columns data in the first page\"","children":[{"name":"Handle Tables \"before each\" hook: Login for \"Read all the rows & Columns data in the first page\"","uid":"8c03b079a18f2fce","parentUid":"89687495bb7105b2fd56abc32e8d7b7c","status":"failed","time":{"start":1718608250000,"stop":1718608250000,"duration":0},"flaky":false,"newFailed":false,"newPassed":false,"newBroken":false,"retriesCount":0,"retriesStatusChange":false,"parameters":[],"tags":[]}],"uid":"89687495bb7105b2fd56abc32e8d7b7c"},{"name":"Check Number Rows & Columns","children":[{"name":"Handle Tables Check Number Rows & Columns","uid":"21068e44d566b603","parentUid":"de7207e5bef7ffd770dd0c6fbb2626a4","status":"passed","time":{"start":1718608250000,"stop":1718608253675,"duration":3675},"flaky":false,"newFailed":false,"newPassed":false,"newBroken":false,"retriesCount":1,"retriesStatusChange":false,"parameters":[],"tags":[]}],"uid":"de7207e5bef7ffd770dd0c6fbb2626a4"},{"name":"Check cell data from specific row & Column","children":[{"name":"Handle Tables Check cell data from specific row & Column","uid":"55fa234756450f73","parentUid":"2e518b5a86b2d9675dbd5ad1381bc90c","status":"passed","time":{"start":1718608250000,"stop":1718608252590,"duration":2590},"flaky":false,"newFailed":false,"newPassed":false,"newBroken":false,"retriesCount":1,"retriesStatusChange":false,"parameters":[],"tags":[]}],"uid":"2e518b5a86b2d9675dbd5ad1381bc90c"},{"name":"explicit assertion","children":[{"name":"Assertion Demo explicit assertion","uid":"4aa20d1e2c434925","parentUid":"c5ab8afe782081d3a480e76f9f2f08c1","status":"passed","time":{"start":1718608345000,"stop":1718608345372,"duration":372},"flaky":false,"newFailed":false,"newPassed":false,"newBroken":false,"retriesCount":2,"retriesStatusChange":false,"parameters":[],"tags":[]}],"uid":"c5ab8afe782081d3a480e76f9f2f08c1"},{"name":"approch1","children":[{"name":"handeling frames approch1","uid":"1da0de86ab192880","parentUid":"23faf223d56b4df225cda68687c33715","status":"passed","time":{"start":1718608349000,"stop":1718608352752,"duration":3752},"flaky":false,"newFailed":false,"newPassed":false,"newBroken":false,"retriesCount":2,"retriesStatusChange":false,"parameters":[],"tags":[]}],"uid":"23faf223d56b4df225cda68687c33715"},{"name":"approch2","children":[{"name":"handeling frames approch2","uid":"8a3b9ad428f0e367","parentUid":"94aeccc1783584a4c4ca4b127da4adbe","status":"passed","time":{"start":1718608349000,"stop":1718608352063,"duration":3063},"flaky":false,"newFailed":false,"newPassed":false,"newBroken":false,"retriesCount":2,"retriesStatusChange":false,"parameters":[],"tags":[]}],"uid":"94aeccc1783584a4c4ca4b127da4adbe"},{"name":"appraoch2","children":[{"name":"appraoch1 appraoch2","uid":"f4d9724175b17e48","parentUid":"43d7ff06c625fb4438008d195717447f","status":"passed","time":{"start":1718608360000,"stop":1718608365852,"duration":5852},"flaky":false,"newFailed":false,"newPassed":false,"newBroken":false,"retriesCount":2,"retriesStatusChange":false,"parameters":[],"tags":[]}],"uid":"43d7ff06c625fb4438008d195717447f"},{"name":"approach1","children":[{"name":"appraoch1 approach1","uid":"25b377cab4c85113","parentUid":"24935394b8ff075d3755a0c56edd2856","status":"passed","time":{"start":1718608360000,"stop":1718608367931,"duration":7931},"flaky":false,"newFailed":false,"newPassed":false,"newBroken":false,"retriesCount":2,"retriesStatusChange":false,"parameters":[],"tags":[]}],"uid":"24935394b8ff075d3755a0c56edd2856"},{"name":"JS Confirm Alert with Cancel","children":[{"name":"Alerts JS Confirm Alert with Cancel","uid":"512d8ef58c953079","parentUid":"ca8c591949e03c28adbc5921e8a7e9bc","status":"passed","time":{"start":1718608378000,"stop":1718608378383,"duration":383},"flaky":false,"newFailed":false,"newPassed":false,"newBroken":false,"retriesCount":2,"retriesStatusChange":false,"parameters":[],"tags":[]}],"uid":"ca8c591949e03c28adbc5921e8a7e9bc"},{"name":"Authenticated alert","children":[{"name":"Alerts Authenticated alert","uid":"1736794ba1d754d9","parentUid":"caeea8fa840af24c31da181ef63a944c","status":"passed","time":{"start":1718608378000,"stop":1718608379739,"duration":1739},"flaky":false,"newFailed":false,"newPassed":false,"newBroken":false,"retriesCount":2,"retriesStatusChange":false,"parameters":[],"tags":[]}],"uid":"caeea8fa840af24c31da181ef63a944c"},{"name":"JS Confirm Alert with Prompt","children":[{"name":"Alerts JS Confirm Alert with Prompt","uid":"e81ca75242a1bcdd","parentUid":"37580fd9812a1359c8e25338db3a4b53","status":"passed","time":{"start":1718608378000,"stop":1718608378599,"duration":599},"flaky":false,"newFailed":false,"newPassed":false,"newBroken":false,"retriesCount":2,"retriesStatusChange":false,"parameters":[],"tags":[]}],"uid":"37580fd9812a1359c8e25338db3a4b53"},{"name":"JS Confirm Alert with OK","children":[{"name":"Alerts JS Confirm Alert with OK","uid":"b3d706df94a9eeb4","parentUid":"e2e66e9440293fdf4200e847b5814a85","status":"passed","time":{"start":1718608378000,"stop":1718608378385,"duration":385},"flaky":false,"newFailed":false,"newPassed":false,"newBroken":false,"retriesCount":2,"retriesStatusChange":false,"parameters":[],"tags":[]}],"uid":"e2e66e9440293fdf4200e847b5814a85"},{"name":"JS Alert","children":[{"name":"Alerts JS Alert","uid":"7291d63b7a505b72","parentUid":"b8499508aa9dd20a66220552316a9b77","status":"passed","time":{"start":1718608378000,"stop":1718608381603,"duration":3603},"flaky":false,"newFailed":false,"newPassed":false,"newBroken":false,"retriesCount":2,"retriesStatusChange":false,"parameters":[],"tags":[]}],"uid":"b8499508aa9dd20a66220552316a9b77"},{"name":"css","children":[{"name":"Css Selector css","uid":"f94bb206e94b6ef4","parentUid":"8ce07491b626efd1007ab372107f72be","status":"passed","time":{"start":1718608391000,"stop":1718608392949,"duration":1949},"flaky":false,"newFailed":false,"newPassed":false,"newBroken":false,"retriesCount":2,"retriesStatusChange":false,"parameters":[],"tags":[]}],"uid":"8ce07491b626efd1007ab372107f72be"},{"name":"Dropdown with select","children":[{"name":"static dropdown Dropdown with select","uid":"5925a4b2146e63e4","parentUid":"2cdd9efbd3bf171aae803e876fa851b2","status":"passed","time":{"start":1718608396000,"stop":1718608400137,"duration":4137},"flaky":false,"newFailed":false,"newPassed":false,"newBroken":false,"retriesCount":2,"retriesStatusChange":false,"parameters":[],"tags":[]}],"uid":"2cdd9efbd3bf171aae803e876fa851b2"},{"name":"Dynamic dropdown","children":[{"name":"static dropdown Dynamic dropdown","uid":"37155b916671adb","parentUid":"0f368d7af8a28ca702651658f1f5f1ea","status":"passed","time":{"start":1718608396000,"stop":1718608403077,"duration":7077},"flaky":false,"newFailed":false,"newPassed":false,"newBroken":false,"retriesCount":2,"retriesStatusChange":false,"parameters":[],"tags":[]}],"uid":"0f368d7af8a28ca702651658f1f5f1ea"},{"name":"Login","children":[{"name":"user sign up & login flow Login","uid":"e4c133699ae01ac4","parentUid":"19e178db3ae5a62d0eab84dca72fd59e","status":"passed","time":{"start":1718608414000,"stop":1718608415557,"duration":1557},"flaky":false,"newFailed":false,"newPassed":false,"newBroken":false,"retriesCount":2,"retriesStatusChange":false,"parameters":[],"tags":[]}],"uid":"19e178db3ae5a62d0eab84dca72fd59e"},{"name":"should sign up successfully","children":[{"name":"user sign up & login flow should sign up successfully","uid":"a58f9b058eda82a8","parentUid":"d2637400ff14d44e36006769e87bb868","status":"passed","time":{"start":1718608414000,"stop":1718608417495,"duration":3495},"flaky":false,"newFailed":false,"newPassed":false,"newBroken":false,"retriesCount":2,"retriesStatusChange":false,"parameters":[],"tags":[]}],"uid":"d2637400ff14d44e36006769e87bb868"},{"name":"Inupt section","children":[{"name":"user sign up & login flow Inupt section","uid":"6874f0ce2eb5cb70","parentUid":"7abfaa5a14e7e4c6ecbb701c4d8c2181","status":"passed","time":{"start":1718608414000,"stop":1718608415406,"duration":1406},"flaky":false,"newFailed":false,"newPassed":false,"newBroken":false,"retriesCount":2,"retriesStatusChange":false,"parameters":[],"tags":[]}],"uid":"7abfaa5a14e7e4c6ecbb701c4d8c2181"},{"name":"test1","children":[{"name":"My First Test test1","uid":"77b5be9708aa7299","parentUid":"42bd7941612a80c894bd788038b1d6c6","status":"passed","time":{"start":1718608424000,"stop":1718608425648,"duration":1648},"flaky":false,"newFailed":false,"newPassed":false,"newBroken":false,"retriesCount":2,"retriesStatusChange":false,"parameters":[],"tags":[]}],"uid":"42bd7941612a80c894bd788038b1d6c6"},{"name":"test2","children":[{"name":"My First Test test2","uid":"87691b9437a7982c","parentUid":"523b450e0752bc6e96390b2cd9345c34","status":"passed","time":{"start":1718608424000,"stop":1718608425373,"duration":1373},"flaky":false,"newFailed":false,"newPassed":false,"newBroken":false,"retriesCount":2,"retriesStatusChange":false,"parameters":[],"tags":[]}],"uid":"523b450e0752bc6e96390b2cd9345c34"},{"name":"test3","children":[{"name":"My Second Test test3","uid":"786c71a5473fd812","parentUid":"867f42525abe451b95067de1571e16a9","status":"passed","time":{"start":1718608432000,"stop":1718608435143,"duration":3143},"flaky":false,"newFailed":false,"newPassed":false,"newBroken":false,"retriesCount":2,"retriesStatusChange":false,"parameters":[],"tags":[]}],"uid":"867f42525abe451b95067de1571e16a9"},{"name":"test4","children":[{"name":"My Second Test test4","uid":"8912a3c5c560f468","parentUid":"2309a3ddb9152befa92a93fae32cc510","status":"passed","time":{"start":1718608432000,"stop":1718608432830,"duration":830},"flaky":false,"newFailed":false,"newPassed":false,"newBroken":false,"retriesCount":2,"retriesStatusChange":false,"parameters":[],"tags":[]}],"uid":"2309a3ddb9152befa92a93fae32cc510"},{"name":"checking radio button","children":[{"name":"Check UI elements checking radio button","uid":"fb55c9fa3a8d16ed","parentUid":"2707c57aecea5acd8f3968678865caa7","status":"passed","time":{"start":1718608440000,"stop":1718608442312,"duration":2312},"flaky":false,"newFailed":false,"newPassed":false,"newBroken":false,"retriesCount":2,"retriesStatusChange":false,"parameters":[],"tags":[]}],"uid":"2707c57aecea5acd8f3968678865caa7"},{"name":"\"before each\" hook: Login for \"Check Number Rows & Columns\"","children":[{"name":"Handle Tables \"before each\" hook: Login for \"Check Number Rows & Columns\"","uid":"15f4783ea2337309","parentUid":"f84ce2fa0e9a5d3d55a925487d746387","status":"failed","time":{"start":1718608446000,"stop":1718608446000,"duration":0},"flaky":false,"newFailed":false,"newPassed":false,"newBroken":false,"retriesCount":0,"retriesStatusChange":false,"parameters":[],"tags":[]}],"uid":"f84ce2fa0e9a5d3d55a925487d746387"}]}