{"uid":"ab17fc5a4eb3bca4b216b548c7f9fcbc","name":"timeline","children":[{"name":"My Second Test test4","uid":"8912a3c5c560f468","parentUid":"ab17fc5a4eb3bca4b216b548c7f9fcbc","status":"passed","time":{"start":1718608432000,"stop":1718608432830,"duration":830},"flaky":false,"newFailed":false,"newPassed":false,"newBroken":false,"retriesCount":2,"retriesStatusChange":false,"parameters":[],"tags":[]},{"name":"Alerts Authenticated alert","uid":"dfb5798cda49f68c","parentUid":"ab17fc5a4eb3bca4b216b548c7f9fcbc","status":"passed","time":{"start":1718608178000,"stop":1718608180189,"duration":2189},"flaky":false,"newFailed":false,"newPassed":false,"newBroken":false,"retriesCount":0,"retriesStatusChange":false,"parameters":[],"tags":[]},{"name":"My Second Test test4","uid":"669d45b8789866cc","parentUid":"ab17fc5a4eb3bca4b216b548c7f9fcbc","status":"passed","time":{"start":1718606419000,"stop":1718606420545,"duration":1545},"flaky":false,"newFailed":false,"newPassed":false,"newBroken":false,"retriesCount":0,"retriesStatusChange":false,"parameters":[],"tags":[]},{"name":"Alerts JS Confirm Alert with OK","uid":"b3d706df94a9eeb4","parentUid":"ab17fc5a4eb3bca4b216b548c7f9fcbc","status":"passed","time":{"start":1718608378000,"stop":1718608378385,"duration":385},"flaky":false,"newFailed":false,"newPassed":false,"newBroken":false,"retriesCount":2,"retriesStatusChange":false,"parameters":[],"tags":[]},{"name":"My First Test test2","uid":"e40a05ec8d7a7b86","parentUid":"ab17fc5a4eb3bca4b216b548c7f9fcbc","status":"passed","time":{"start":1718608225000,"stop":1718608226271,"duration":1271},"flaky":false,"newFailed":false,"newPassed":false,"newBroken":false,"retriesCount":0,"retriesStatusChange":false,"parameters":[],"tags":[]},{"name":"Check UI elements checking radio button","uid":"fb55c9fa3a8d16ed","parentUid":"ab17fc5a4eb3bca4b216b548c7f9fcbc","status":"passed","time":{"start":1718608440000,"stop":1718608442312,"duration":2312},"flaky":false,"newFailed":false,"newPassed":false,"newBroken":false,"retriesCount":2,"retriesStatusChange":false,"parameters":[],"tags":[]},{"name":"Alerts JS Alert","uid":"c6aee75160d403dd","parentUid":"ab17fc5a4eb3bca4b216b548c7f9fcbc","status":"passed","time":{"start":1718606360000,"stop":1718606362611,"duration":2611},"flaky":false,"newFailed":false,"newPassed":false,"newBroken":false,"retriesCount":0,"retriesStatusChange":false,"parameters":[],"tags":[]},{"name":"Handle Tables Read all the rows & Columns data in the first page","uid":"b37fd960190cfe1e","parentUid":"ab17fc5a4eb3bca4b216b548c7f9fcbc","status":"passed","time":{"start":1718606434000,"stop":1718606436684,"duration":2684},"flaky":false,"newFailed":false,"newPassed":false,"newBroken":false,"retriesCount":0,"retriesStatusChange":false,"parameters":[],"tags":[]},{"name":"Alerts Authenticated alert","uid":"1736794ba1d754d9","parentUid":"ab17fc5a4eb3bca4b216b548c7f9fcbc","status":"passed","time":{"start":1718608378000,"stop":1718608379739,"duration":1739},"flaky":false,"newFailed":false,"newPassed":false,"newBroken":false,"retriesCount":2,"retriesStatusChange":false,"parameters":[],"tags":[]},{"name":"Assertion Demo explicit assertion","uid":"81f163831bb396c9","parentUid":"ab17fc5a4eb3bca4b216b548c7f9fcbc","status":"passed","time":{"start":1718606326000,"stop":1718606326641,"duration":641},"flaky":false,"newFailed":false,"newPassed":false,"newBroken":false,"retriesCount":0,"retriesStatusChange":false,"parameters":[],"tags":[]},{"name":"Alerts JS Confirm Alert with Prompt","uid":"e81ca75242a1bcdd","parentUid":"ab17fc5a4eb3bca4b216b548c7f9fcbc","status":"passed","time":{"start":1718608378000,"stop":1718608378599,"duration":599},"flaky":false,"newFailed":false,"newPassed":false,"newBroken":false,"retriesCount":2,"retriesStatusChange":false,"parameters":[],"tags":[]},{"name":"Handle Tables Check Number Rows & Columns","uid":"21068e44d566b603","parentUid":"ab17fc5a4eb3bca4b216b548c7f9fcbc","status":"passed","time":{"start":1718608250000,"stop":1718608253675,"duration":3675},"flaky":false,"newFailed":false,"newPassed":false,"newBroken":false,"retriesCount":1,"retriesStatusChange":false,"parameters":[],"tags":[]},{"name":"Check UI elements checking radio button","uid":"1bdfe85b49d918b9","parentUid":"ab17fc5a4eb3bca4b216b548c7f9fcbc","status":"passed","time":{"start":1718606428000,"stop":1718606430227,"duration":2227},"flaky":false,"newFailed":false,"newPassed":false,"newBroken":false,"retriesCount":0,"retriesStatusChange":false,"parameters":[],"tags":[]},{"name":"Alerts JS Confirm Alert with OK","uid":"4e54a9575b9d43db","parentUid":"ab17fc5a4eb3bca4b216b548c7f9fcbc","status":"passed","time":{"start":1718608178000,"stop":1718608178431,"duration":431},"flaky":false,"newFailed":false,"newPassed":false,"newBroken":false,"retriesCount":0,"retriesStatusChange":false,"parameters":[],"tags":[]},{"name":"handeling frames approch1","uid":"dba92319c6ff6685","parentUid":"ab17fc5a4eb3bca4b216b548c7f9fcbc","status":"passed","time":{"start":1718606331000,"stop":1718606334988,"duration":3988},"flaky":false,"newFailed":false,"newPassed":false,"newBroken":false,"retriesCount":0,"retriesStatusChange":false,"parameters":[],"tags":[]},{"name":"handeling frames approch1","uid":"d42b919058a7d69c","parentUid":"ab17fc5a4eb3bca4b216b548c7f9fcbc","status":"passed","time":{"start":1718608147000,"stop":1718608151701,"duration":4701},"flaky":false,"newFailed":false,"newPassed":false,"newBroken":false,"retriesCount":0,"retriesStatusChange":false,"parameters":[],"tags":[]},{"name":"Alerts JS Confirm Alert with Cancel","uid":"512d8ef58c953079","parentUid":"ab17fc5a4eb3bca4b216b548c7f9fcbc","status":"passed","time":{"start":1718608378000,"stop":1718608378383,"duration":383},"flaky":false,"newFailed":false,"newPassed":false,"newBroken":false,"retriesCount":2,"retriesStatusChange":false,"parameters":[],"tags":[]},{"name":"appraoch1 appraoch2","uid":"f4d9724175b17e48","parentUid":"ab17fc5a4eb3bca4b216b548c7f9fcbc","status":"passed","time":{"start":1718608360000,"stop":1718608365852,"duration":5852},"flaky":false,"newFailed":false,"newPassed":false,"newBroken":false,"retriesCount":2,"retriesStatusChange":false,"parameters":[],"tags":[]},{"name":"My Second Test test4","uid":"6c2411ed5160329f","parentUid":"ab17fc5a4eb3bca4b216b548c7f9fcbc","status":"passed","time":{"start":1718608234000,"stop":1718608238283,"duration":4283},"flaky":false,"newFailed":false,"newPassed":false,"newBroken":false,"retriesCount":0,"retriesStatusChange":false,"parameters":[],"tags":[]},{"name":"My First Test test2","uid":"6501c62da68012fb","parentUid":"ab17fc5a4eb3bca4b216b548c7f9fcbc","status":"passed","time":{"start":1718606410000,"stop":1718606411326,"duration":1326},"flaky":false,"newFailed":false,"newPassed":false,"newBroken":false,"retriesCount":0,"retriesStatusChange":false,"parameters":[],"tags":[]},{"name":"appraoch1 approach1","uid":"c01268085e84238a","parentUid":"ab17fc5a4eb3bca4b216b548c7f9fcbc","status":"passed","time":{"start":1718606341000,"stop":1718606349121,"duration":8121},"flaky":false,"newFailed":false,"newPassed":false,"newBroken":false,"retriesCount":0,"retriesStatusChange":false,"parameters":[],"tags":[]},{"name":"Alerts JS Alert","uid":"10d046011bfd0ac5","parentUid":"ab17fc5a4eb3bca4b216b548c7f9fcbc","status":"passed","time":{"start":1718608178000,"stop":1718608180917,"duration":2917},"flaky":false,"newFailed":false,"newPassed":false,"newBroken":false,"retriesCount":0,"retriesStatusChange":false,"parameters":[],"tags":[]},{"name":"My First Test test1","uid":"dc76165b8026db73","parentUid":"ab17fc5a4eb3bca4b216b548c7f9fcbc","status":"passed","time":{"start":1718606410000,"stop":1718606412097,"duration":2097},"flaky":false,"newFailed":false,"newPassed":false,"newBroken":false,"retriesCount":0,"retriesStatusChange":false,"parameters":[],"tags":[]},{"name":"user sign up & login flow should sign up successfully","uid":"a58f9b058eda82a8","parentUid":"ab17fc5a4eb3bca4b216b548c7f9fcbc","status":"passed","time":{"start":1718608414000,"stop":1718608417495,"duration":3495},"flaky":false,"newFailed":false,"newPassed":false,"newBroken":false,"retriesCount":2,"retriesStatusChange":false,"parameters":[],"tags":[]},{"name":"Handle Tables Check cell data from specific row & Column","uid":"55fa234756450f73","parentUid":"ab17fc5a4eb3bca4b216b548c7f9fcbc","status":"passed","time":{"start":1718608250000,"stop":1718608252590,"duration":2590},"flaky":false,"newFailed":false,"newPassed":false,"newBroken":false,"retriesCount":1,"retriesStatusChange":false,"parameters":[],"tags":[]},{"name":"My Second Test test3","uid":"786c71a5473fd812","parentUid":"ab17fc5a4eb3bca4b216b548c7f9fcbc","status":"passed","time":{"start":1718608432000,"stop":1718608435143,"duration":3143},"flaky":false,"newFailed":false,"newPassed":false,"newBroken":false,"retriesCount":2,"retriesStatusChange":false,"parameters":[],"tags":[]},{"name":"static dropdown Dropdown with select","uid":"5925a4b2146e63e4","parentUid":"ab17fc5a4eb3bca4b216b548c7f9fcbc","status":"passed","time":{"start":1718608396000,"stop":1718608400137,"duration":4137},"flaky":false,"newFailed":false,"newPassed":false,"newBroken":false,"retriesCount":2,"retriesStatusChange":false,"parameters":[],"tags":[]},{"name":"static dropdown Dropdown with select","uid":"fc58916ef2aafe91","parentUid":"ab17fc5a4eb3bca4b216b548c7f9fcbc","status":"passed","time":{"start":1718606379000,"stop":1718606383362,"duration":4362},"flaky":false,"newFailed":false,"newPassed":false,"newBroken":false,"retriesCount":0,"retriesStatusChange":false,"parameters":[],"tags":[]},{"name":"user sign up & login flow Inupt section","uid":"bf1d65300581ef8c","parentUid":"ab17fc5a4eb3bca4b216b548c7f9fcbc","status":"passed","time":{"start":1718606400000,"stop":1718606401352,"duration":1352},"flaky":false,"newFailed":false,"newPassed":false,"newBroken":false,"retriesCount":0,"retriesStatusChange":false,"parameters":[],"tags":[]},{"name":"user sign up & login flow should sign up successfully","uid":"b17081419c91e7da","parentUid":"ab17fc5a4eb3bca4b216b548c7f9fcbc","status":"passed","time":{"start":1718606400000,"stop":1718606403506,"duration":3506},"flaky":false,"newFailed":false,"newPassed":false,"newBroken":false,"retriesCount":0,"retriesStatusChange":false,"parameters":[],"tags":[]},{"name":"Alerts JS Confirm Alert with Cancel","uid":"5d837100e94f1621","parentUid":"ab17fc5a4eb3bca4b216b548c7f9fcbc","status":"passed","time":{"start":1718608178000,"stop":1718608178465,"duration":465},"flaky":false,"newFailed":false,"newPassed":false,"newBroken":false,"retriesCount":0,"retriesStatusChange":false,"parameters":[],"tags":[]},{"name":"My First Test test1","uid":"77b5be9708aa7299","parentUid":"ab17fc5a4eb3bca4b216b548c7f9fcbc","status":"passed","time":{"start":1718608424000,"stop":1718608425648,"duration":1648},"flaky":false,"newFailed":false,"newPassed":false,"newBroken":false,"retriesCount":2,"retriesStatusChange":false,"parameters":[],"tags":[]},{"name":"appraoch1 appraoch2","uid":"5a13e5376f26ad85","parentUid":"ab17fc5a4eb3bca4b216b548c7f9fcbc","status":"passed","time":{"start":1718606341000,"stop":1718606346912,"duration":5912},"flaky":false,"newFailed":false,"newPassed":false,"newBroken":false,"retriesCount":0,"retriesStatusChange":false,"parameters":[],"tags":[]},{"name":"static dropdown Dynamic dropdown","uid":"37155b916671adb","parentUid":"ab17fc5a4eb3bca4b216b548c7f9fcbc","status":"passed","time":{"start":1718608396000,"stop":1718608403077,"duration":7077},"flaky":false,"newFailed":false,"newPassed":false,"newBroken":false,"retriesCount":2,"retriesStatusChange":false,"parameters":[],"tags":[]},{"name":"My Second Test test3","uid":"56ad41507c65d3e2","parentUid":"ab17fc5a4eb3bca4b216b548c7f9fcbc","status":"passed","time":{"start":1718608234000,"stop":1718608235505,"duration":1505},"flaky":false,"newFailed":false,"newPassed":false,"newBroken":false,"retriesCount":0,"retriesStatusChange":false,"parameters":[],"tags":[]},{"name":"static dropdown Dropdown with select","uid":"dc4992d4d53b1e25","parentUid":"ab17fc5a4eb3bca4b216b548c7f9fcbc","status":"passed","time":{"start":1718608196000,"stop":1718608200866,"duration":4866},"flaky":false,"newFailed":false,"newPassed":false,"newBroken":false,"retriesCount":0,"retriesStatusChange":false,"parameters":[],"tags":[]},{"name":"Handle Tables Pagination","uid":"a4e82b130b150d59","parentUid":"ab17fc5a4eb3bca4b216b548c7f9fcbc","status":"passed","time":{"start":1718606434000,"stop":1718606454450,"duration":20450},"flaky":false,"newFailed":false,"newPassed":false,"newBroken":false,"retriesCount":0,"retriesStatusChange":false,"parameters":[],"tags":[]},{"name":"Assertion Demo explicit assertion","uid":"20917a2287513f0e","parentUid":"ab17fc5a4eb3bca4b216b548c7f9fcbc","status":"passed","time":{"start":1718608143000,"stop":1718608143427,"duration":427},"flaky":false,"newFailed":false,"newPassed":false,"newBroken":false,"retriesCount":0,"retriesStatusChange":false,"parameters":[],"tags":[]},{"name":"user sign up & login flow Login","uid":"65f9dc8326ebf283","parentUid":"ab17fc5a4eb3bca4b216b548c7f9fcbc","status":"passed","time":{"start":1718606400000,"stop":1718606401588,"duration":1588},"flaky":false,"newFailed":false,"newPassed":false,"newBroken":false,"retriesCount":0,"retriesStatusChange":false,"parameters":[],"tags":[]},{"name":"Css Selector css","uid":"d130499f40ab0839","parentUid":"ab17fc5a4eb3bca4b216b548c7f9fcbc","status":"passed","time":{"start":1718606374000,"stop":1718606376080,"duration":2080},"flaky":false,"newFailed":false,"newPassed":false,"newBroken":false,"retriesCount":0,"retriesStatusChange":false,"parameters":[],"tags":[]},{"name":"handeling frames approch1","uid":"1da0de86ab192880","parentUid":"ab17fc5a4eb3bca4b216b548c7f9fcbc","status":"passed","time":{"start":1718608349000,"stop":1718608352752,"duration":3752},"flaky":false,"newFailed":false,"newPassed":false,"newBroken":false,"retriesCount":2,"retriesStatusChange":false,"parameters":[],"tags":[]},{"name":"Handle Tables Check Number Rows & Columns","uid":"f25373ac1c1be980","parentUid":"ab17fc5a4eb3bca4b216b548c7f9fcbc","status":"passed","time":{"start":1718606434000,"stop":1718606441981,"duration":7981},"flaky":false,"newFailed":false,"newPassed":false,"newBroken":false,"retriesCount":0,"retriesStatusChange":false,"parameters":[],"tags":[]},{"name":"appraoch1 appraoch2","uid":"b04850ad32ee2cab","parentUid":"ab17fc5a4eb3bca4b216b548c7f9fcbc","status":"passed","time":{"start":1718608158000,"stop":1718608163905,"duration":5905},"flaky":false,"newFailed":false,"newPassed":false,"newBroken":false,"retriesCount":0,"retriesStatusChange":false,"parameters":[],"tags":[]},{"name":"Alerts JS Confirm Alert with Cancel","uid":"be4a5caec049e1b6","parentUid":"ab17fc5a4eb3bca4b216b548c7f9fcbc","status":"passed","time":{"start":1718606360000,"stop":1718606360374,"duration":374},"flaky":false,"newFailed":false,"newPassed":false,"newBroken":false,"retriesCount":0,"retriesStatusChange":false,"parameters":[],"tags":[]},{"name":"Handle Tables Check cell data from specific row & Column","uid":"342470e83b1580dd","parentUid":"ab17fc5a4eb3bca4b216b548c7f9fcbc","status":"passed","time":{"start":1718606434000,"stop":1718606436013,"duration":2013},"flaky":false,"newFailed":false,"newPassed":false,"newBroken":false,"retriesCount":0,"retriesStatusChange":false,"parameters":[],"tags":[]},{"name":"user sign up & login flow Login","uid":"4e446a29e87674cb","parentUid":"ab17fc5a4eb3bca4b216b548c7f9fcbc","status":"passed","time":{"start":1718608214000,"stop":1718608215613,"duration":1613},"flaky":false,"newFailed":false,"newPassed":false,"newBroken":false,"retriesCount":0,"retriesStatusChange":false,"parameters":[],"tags":[]},{"name":"user sign up & login flow should sign up successfully","uid":"c7872183d6b06c5e","parentUid":"ab17fc5a4eb3bca4b216b548c7f9fcbc","status":"passed","time":{"start":1718608214000,"stop":1718608217473,"duration":3473},"flaky":false,"newFailed":false,"newPassed":false,"newBroken":false,"retriesCount":0,"retriesStatusChange":false,"parameters":[],"tags":[]},{"name":"static dropdown Dynamic dropdown","uid":"d8bda8d2554eebe5","parentUid":"ab17fc5a4eb3bca4b216b548c7f9fcbc","status":"passed","time":{"start":1718606379000,"stop":1718606388890,"duration":9890},"flaky":false,"newFailed":false,"newPassed":false,"newBroken":false,"retriesCount":0,"retriesStatusChange":false,"parameters":[],"tags":[]},{"name":"Css Selector css","uid":"f8a969f6e91682dc","parentUid":"ab17fc5a4eb3bca4b216b548c7f9fcbc","status":"passed","time":{"start":1718608190000,"stop":1718608192236,"duration":2236},"flaky":false,"newFailed":false,"newPassed":false,"newBroken":false,"retriesCount":0,"retriesStatusChange":false,"parameters":[],"tags":[]},{"name":"user sign up & login flow Login","uid":"e4c133699ae01ac4","parentUid":"ab17fc5a4eb3bca4b216b548c7f9fcbc","status":"passed","time":{"start":1718608414000,"stop":1718608415557,"duration":1557},"flaky":false,"newFailed":false,"newPassed":false,"newBroken":false,"retriesCount":2,"retriesStatusChange":false,"parameters":[],"tags":[]},{"name":"static dropdown Dynamic dropdown","uid":"45bdf770ea9b2a24","parentUid":"ab17fc5a4eb3bca4b216b548c7f9fcbc","status":"passed","time":{"start":1718608196000,"stop":1718608203046,"duration":7046},"flaky":false,"newFailed":false,"newPassed":false,"newBroken":false,"retriesCount":0,"retriesStatusChange":false,"parameters":[],"tags":[]},{"name":"handeling frames approch2","uid":"8a3b9ad428f0e367","parentUid":"ab17fc5a4eb3bca4b216b548c7f9fcbc","status":"passed","time":{"start":1718608349000,"stop":1718608352063,"duration":3063},"flaky":false,"newFailed":false,"newPassed":false,"newBroken":false,"retriesCount":2,"retriesStatusChange":false,"parameters":[],"tags":[]},{"name":"Alerts JS Confirm Alert with Prompt","uid":"18cebc6f317c94c0","parentUid":"ab17fc5a4eb3bca4b216b548c7f9fcbc","status":"passed","time":{"start":1718606360000,"stop":1718606360700,"duration":700},"flaky":false,"newFailed":false,"newPassed":false,"newBroken":false,"retriesCount":0,"retriesStatusChange":false,"parameters":[],"tags":[]},{"name":"appraoch1 approach1","uid":"25b377cab4c85113","parentUid":"ab17fc5a4eb3bca4b216b548c7f9fcbc","status":"passed","time":{"start":1718608360000,"stop":1718608367931,"duration":7931},"flaky":false,"newFailed":false,"newPassed":false,"newBroken":false,"retriesCount":2,"retriesStatusChange":false,"parameters":[],"tags":[]},{"name":"Css Selector css","uid":"f94bb206e94b6ef4","parentUid":"ab17fc5a4eb3bca4b216b548c7f9fcbc","status":"passed","time":{"start":1718608391000,"stop":1718608392949,"duration":1949},"flaky":false,"newFailed":false,"newPassed":false,"newBroken":false,"retriesCount":2,"retriesStatusChange":false,"parameters":[],"tags":[]},{"name":"Alerts JS Alert","uid":"7291d63b7a505b72","parentUid":"ab17fc5a4eb3bca4b216b548c7f9fcbc","status":"passed","time":{"start":1718608378000,"stop":1718608381603,"duration":3603},"flaky":false,"newFailed":false,"newPassed":false,"newBroken":false,"retriesCount":2,"retriesStatusChange":false,"parameters":[],"tags":[]},{"name":"My Second Test test3","uid":"dc53825c84c9def1","parentUid":"ab17fc5a4eb3bca4b216b548c7f9fcbc","status":"passed","time":{"start":1718606419000,"stop":1718606422249,"duration":3249},"flaky":false,"newFailed":false,"newPassed":false,"newBroken":false,"retriesCount":0,"retriesStatusChange":false,"parameters":[],"tags":[]},{"name":"handeling frames approch2","uid":"5ca598ac24890aa3","parentUid":"ab17fc5a4eb3bca4b216b548c7f9fcbc","status":"passed","time":{"start":1718608147000,"stop":1718608149372,"duration":2372},"flaky":false,"newFailed":false,"newPassed":false,"newBroken":false,"retriesCount":0,"retriesStatusChange":false,"parameters":[],"tags":[]},{"name":"Alerts JS Confirm Alert with OK","uid":"79b5d6bfd63fdebe","parentUid":"ab17fc5a4eb3bca4b216b548c7f9fcbc","status":"passed","time":{"start":1718606360000,"stop":1718606361400,"duration":1400},"flaky":false,"newFailed":false,"newPassed":false,"newBroken":false,"retriesCount":0,"retriesStatusChange":false,"parameters":[],"tags":[]},{"name":"user sign up & login flow Inupt section","uid":"6874f0ce2eb5cb70","parentUid":"ab17fc5a4eb3bca4b216b548c7f9fcbc","status":"passed","time":{"start":1718608414000,"stop":1718608415406,"duration":1406},"flaky":false,"newFailed":false,"newPassed":false,"newBroken":false,"retriesCount":2,"retriesStatusChange":false,"parameters":[],"tags":[]},{"name":"My First Test test2","uid":"87691b9437a7982c","parentUid":"ab17fc5a4eb3bca4b216b548c7f9fcbc","status":"passed","time":{"start":1718608424000,"stop":1718608425373,"duration":1373},"flaky":false,"newFailed":false,"newPassed":false,"newBroken":false,"retriesCount":2,"retriesStatusChange":false,"parameters":[],"tags":[]},{"name":"Assertion Demo explicit assertion","uid":"4aa20d1e2c434925","parentUid":"ab17fc5a4eb3bca4b216b548c7f9fcbc","status":"passed","time":{"start":1718608345000,"stop":1718608345372,"duration":372},"flaky":false,"newFailed":false,"newPassed":false,"newBroken":false,"retriesCount":2,"retriesStatusChange":false,"parameters":[],"tags":[]},{"name":"Alerts Authenticated alert","uid":"8afc6a6e89c77d3c","parentUid":"ab17fc5a4eb3bca4b216b548c7f9fcbc","status":"passed","time":{"start":1718606360000,"stop":1718606362585,"duration":2585},"flaky":false,"newFailed":false,"newPassed":false,"newBroken":false,"retriesCount":0,"retriesStatusChange":false,"parameters":[],"tags":[]},{"name":"My First Test test1","uid":"8dd6d485b93773d1","parentUid":"ab17fc5a4eb3bca4b216b548c7f9fcbc","status":"passed","time":{"start":1718608225000,"stop":1718608226629,"duration":1629},"flaky":false,"newFailed":false,"newPassed":false,"newBroken":false,"retriesCount":0,"retriesStatusChange":false,"parameters":[],"tags":[]},{"name":"Check UI elements checking radio button","uid":"5d417808f478eeef","parentUid":"ab17fc5a4eb3bca4b216b548c7f9fcbc","status":"passed","time":{"start":1718608244000,"stop":1718608246192,"duration":2192},"flaky":false,"newFailed":false,"newPassed":false,"newBroken":false,"retriesCount":0,"retriesStatusChange":false,"parameters":[],"tags":[]},{"name":"Handle Tables \"before each\" hook: Login for \"Read all the rows & Columns data in the first page\"","uid":"8c03b079a18f2fce","parentUid":"ab17fc5a4eb3bca4b216b548c7f9fcbc","status":"failed","time":{"start":1718608250000,"stop":1718608250000,"duration":0},"flaky":false,"newFailed":false,"newPassed":false,"newBroken":false,"retriesCount":0,"retriesStatusChange":false,"parameters":[],"tags":[]},{"name":"handeling frames approch2","uid":"44c44689f87a7a1e","parentUid":"ab17fc5a4eb3bca4b216b548c7f9fcbc","status":"passed","time":{"start":1718606331000,"stop":1718606333197,"duration":2197},"flaky":false,"newFailed":false,"newPassed":false,"newBroken":false,"retriesCount":0,"retriesStatusChange":false,"parameters":[],"tags":[]},{"name":"appraoch1 approach1","uid":"1da73a99b20b8148","parentUid":"ab17fc5a4eb3bca4b216b548c7f9fcbc","status":"passed","time":{"start":1718608158000,"stop":1718608166974,"duration":8974},"flaky":false,"newFailed":false,"newPassed":false,"newBroken":false,"retriesCount":0,"retriesStatusChange":false,"parameters":[],"tags":[]},{"name":"user sign up & login flow Inupt section","uid":"c7943b53972f90e2","parentUid":"ab17fc5a4eb3bca4b216b548c7f9fcbc","status":"passed","time":{"start":1718608214000,"stop":1718608215470,"duration":1470},"flaky":false,"newFailed":false,"newPassed":false,"newBroken":false,"retriesCount":0,"retriesStatusChange":false,"parameters":[],"tags":[]},{"name":"Alerts JS Confirm Alert with Prompt","uid":"fddf7db516e5937e","parentUid":"ab17fc5a4eb3bca4b216b548c7f9fcbc","status":"passed","time":{"start":1718608178000,"stop":1718608178582,"duration":582},"flaky":false,"newFailed":false,"newPassed":false,"newBroken":false,"retriesCount":0,"retriesStatusChange":false,"parameters":[],"tags":[]},{"name":"Handle Tables \"before each\" hook: Login for \"Check Number Rows & Columns\"","uid":"15f4783ea2337309","parentUid":"ab17fc5a4eb3bca4b216b548c7f9fcbc","status":"failed","time":{"start":1718608446000,"stop":1718608446000,"duration":0},"flaky":false,"newFailed":false,"newPassed":false,"newBroken":false,"retriesCount":0,"retriesStatusChange":false,"parameters":[],"tags":[]}]}