{"Handle Tables:Pagination#Handle Tables Pagination":{"statistic":{"failed":0,"broken":0,"skipped":0,"passed":1,"unknown":0,"total":1},"items":[{"uid":"a4e82b130b150d59","status":"passed","time":{"start":1718606434000,"stop":1718606454450,"duration":20450}}]},"user sign up & login flow:Login#user sign up & login flow Login":{"statistic":{"failed":0,"broken":0,"skipped":0,"passed":1,"unknown":0,"total":1},"items":[{"uid":"e4c133699ae01ac4","status":"passed","time":{"start":1718608414000,"stop":1718608415557,"duration":1557}}]},"Handle Tables:\"before each\" hook: Login for \"Check Number Rows & Columns\"#Handle Tables \"before each\" hook: Login for \"Check Number Rows & Columns\"":{"statistic":{"failed":1,"broken":0,"skipped":0,"passed":0,"unknown":0,"total":1},"items":[{"uid":"15f4783ea2337309","status":"failed","statusDetails":"The following error originated from your application code, not from Cypress.    > Cannot read properties of undefined (reading 'plugins')  When Cypress detects uncaught errors originating from your application it will automatically fail the current test.  This behavior is configurable, and you can choose to turn this off by listening to the `uncaught:exception` event.  https://on.cypress.io/uncaught-exception-from-application  Because this error occurred during a `before each` hook we are skipping the remaining tests in the current suite: `Handle Tables`","time":{"start":1718608446000,"stop":1718608446000,"duration":0}}]},"Handle Tables:Check Number Rows & Columns#Handle Tables Check Number Rows & Columns":{"statistic":{"failed":0,"broken":0,"skipped":0,"passed":1,"unknown":0,"total":1},"items":[{"uid":"21068e44d566b603","status":"passed","time":{"start":1718608250000,"stop":1718608253675,"duration":3675}}]},"My Second Test:test4#My Second Test test4":{"statistic":{"failed":0,"broken":0,"skipped":0,"passed":1,"unknown":0,"total":1},"items":[{"uid":"8912a3c5c560f468","status":"passed","time":{"start":1718608432000,"stop":1718608432830,"duration":830}}]},"static dropdown:Dynamic dropdown#static dropdown Dynamic dropdown":{"statistic":{"failed":0,"broken":0,"skipped":0,"passed":1,"unknown":0,"total":1},"items":[{"uid":"37155b916671adb","status":"passed","time":{"start":1718608396000,"stop":1718608403077,"duration":7077}}]},"My First Test:test1#My First Test test1":{"statistic":{"failed":0,"broken":0,"skipped":0,"passed":1,"unknown":0,"total":1},"items":[{"uid":"77b5be9708aa7299","status":"passed","time":{"start":1718608424000,"stop":1718608425648,"duration":1648}}]},"static dropdown:Dropdown with select#static dropdown Dropdown with select":{"statistic":{"failed":0,"broken":0,"skipped":0,"passed":1,"unknown":0,"total":1},"items":[{"uid":"5925a4b2146e63e4","status":"passed","time":{"start":1718608396000,"stop":1718608400137,"duration":4137}}]},"Css Selector:css#Css Selector css":{"statistic":{"failed":0,"broken":0,"skipped":0,"passed":1,"unknown":0,"total":1},"items":[{"uid":"f94bb206e94b6ef4","status":"passed","time":{"start":1718608391000,"stop":1718608392949,"duration":1949}}]},"appraoch1:approach1#appraoch1 approach1":{"statistic":{"failed":0,"broken":0,"skipped":0,"passed":1,"unknown":0,"total":1},"items":[{"uid":"25b377cab4c85113","status":"passed","time":{"start":1718608360000,"stop":1718608367931,"duration":7931}}]},"Alerts:JS Alert#Alerts JS Alert":{"statistic":{"failed":0,"broken":0,"skipped":0,"passed":1,"unknown":0,"total":1},"items":[{"uid":"7291d63b7a505b72","status":"passed","time":{"start":1718608378000,"stop":1718608381603,"duration":3603}}]},"handeling frames:approch1#handeling frames approch1":{"statistic":{"failed":0,"broken":0,"skipped":0,"passed":1,"unknown":0,"total":1},"items":[{"uid":"1da0de86ab192880","status":"passed","time":{"start":1718608349000,"stop":1718608352752,"duration":3752}}]},"user sign up & login flow:Inupt section#user sign up & login flow Inupt section":{"statistic":{"failed":0,"broken":0,"skipped":0,"passed":1,"unknown":0,"total":1},"items":[{"uid":"6874f0ce2eb5cb70","status":"passed","time":{"start":1718608414000,"stop":1718608415406,"duration":1406}}]},"Alerts:JS Confirm Alert with Cancel#Alerts JS Confirm Alert with Cancel":{"statistic":{"failed":0,"broken":0,"skipped":0,"passed":1,"unknown":0,"total":1},"items":[{"uid":"512d8ef58c953079","status":"passed","time":{"start":1718608378000,"stop":1718608378383,"duration":383}}]},"user sign up & login flow:should sign up successfully#user sign up & login flow should sign up successfully":{"statistic":{"failed":0,"broken":0,"skipped":0,"passed":1,"unknown":0,"total":1},"items":[{"uid":"a58f9b058eda82a8","status":"passed","time":{"start":1718608414000,"stop":1718608417495,"duration":3495}}]},"Alerts:Authenticated alert#Alerts Authenticated alert":{"statistic":{"failed":0,"broken":0,"skipped":0,"passed":1,"unknown":0,"total":1},"items":[{"uid":"1736794ba1d754d9","status":"passed","time":{"start":1718608378000,"stop":1718608379739,"duration":1739}}]},"Assertion Demo:explicit assertion#Assertion Demo explicit assertion":{"statistic":{"failed":0,"broken":0,"skipped":0,"passed":1,"unknown":0,"total":1},"items":[{"uid":"4aa20d1e2c434925","status":"passed","time":{"start":1718608345000,"stop":1718608345372,"duration":372}}]},"Handle Tables:Read all the rows & Columns data in the first page#Handle Tables Read all the rows & Columns data in the first page":{"statistic":{"failed":0,"broken":0,"skipped":0,"passed":1,"unknown":0,"total":1},"items":[{"uid":"b37fd960190cfe1e","status":"passed","time":{"start":1718606434000,"stop":1718606436684,"duration":2684}}]},"handeling frames:approch2#handeling frames approch2":{"statistic":{"failed":0,"broken":0,"skipped":0,"passed":1,"unknown":0,"total":1},"items":[{"uid":"8a3b9ad428f0e367","status":"passed","time":{"start":1718608349000,"stop":1718608352063,"duration":3063}}]},"Alerts:JS Confirm Alert with Prompt#Alerts JS Confirm Alert with Prompt":{"statistic":{"failed":0,"broken":0,"skipped":0,"passed":1,"unknown":0,"total":1},"items":[{"uid":"e81ca75242a1bcdd","status":"passed","time":{"start":1718608378000,"stop":1718608378599,"duration":599}}]},"My Second Test:test3#My Second Test test3":{"statistic":{"failed":0,"broken":0,"skipped":0,"passed":1,"unknown":0,"total":1},"items":[{"uid":"786c71a5473fd812","status":"passed","time":{"start":1718608432000,"stop":1718608435143,"duration":3143}}]},"Check UI elements:checking radio button#Check UI elements checking radio button":{"statistic":{"failed":0,"broken":0,"skipped":0,"passed":1,"unknown":0,"total":1},"items":[{"uid":"fb55c9fa3a8d16ed","status":"passed","time":{"start":1718608440000,"stop":1718608442312,"duration":2312}}]},"Handle Tables:\"before each\" hook: Login for \"Read all the rows & Columns data in the first page\"#Handle Tables \"before each\" hook: Login for \"Read all the rows & Columns data in the first page\"":{"statistic":{"failed":1,"broken":0,"skipped":0,"passed":0,"unknown":0,"total":1},"items":[{"uid":"8c03b079a18f2fce","status":"failed","statusDetails":"Timed out retrying after 4000ms: Expected to find element: `//a[text()=' Customers']`, but never found it.  Because this error occurred during a `before each` hook we are skipping the remaining tests in the current suite: `Handle Tables`","time":{"start":1718608250000,"stop":1718608250000,"duration":0}}]},"My First Test:test2#My First Test test2":{"statistic":{"failed":0,"broken":0,"skipped":0,"passed":1,"unknown":0,"total":1},"items":[{"uid":"87691b9437a7982c","status":"passed","time":{"start":1718608424000,"stop":1718608425373,"duration":1373}}]},"Alerts:JS Confirm Alert with OK#Alerts JS Confirm Alert with OK":{"statistic":{"failed":0,"broken":0,"skipped":0,"passed":1,"unknown":0,"total":1},"items":[{"uid":"b3d706df94a9eeb4","status":"passed","time":{"start":1718608378000,"stop":1718608378385,"duration":385}}]},"Handle Tables:Check cell data from specific row & Column#Handle Tables Check cell data from specific row & Column":{"statistic":{"failed":0,"broken":0,"skipped":0,"passed":1,"unknown":0,"total":1},"items":[{"uid":"55fa234756450f73","status":"passed","time":{"start":1718608250000,"stop":1718608252590,"duration":2590}}]},"appraoch1:appraoch2#appraoch1 appraoch2":{"statistic":{"failed":0,"broken":0,"skipped":0,"passed":1,"unknown":0,"total":1},"items":[{"uid":"f4d9724175b17e48","status":"passed","time":{"start":1718608360000,"stop":1718608365852,"duration":5852}}]}}