[{"uid":"f94bb206e94b6ef4","name":"Css Selector css","time":{"start":1718608391000,"stop":1718608392949,"duration":1949},"status":"passed","severity":"normal"},{"uid":"8c03b079a18f2fce","name":"Handle Tables \"before each\" hook: Login for \"Read all the rows & Columns data in the first page\"","time":{"start":1718608250000,"stop":1718608250000,"duration":0},"status":"failed","severity":"normal"},{"uid":"786c71a5473fd812","name":"My Second Test test3","time":{"start":1718608432000,"stop":1718608435143,"duration":3143},"status":"passed","severity":"normal"},{"uid":"512d8ef58c953079","name":"Alerts JS Confirm Alert with Cancel","time":{"start":1718608378000,"stop":1718608378383,"duration":383},"status":"passed","severity":"normal"},{"uid":"5925a4b2146e63e4","name":"static dropdown Dropdown with select","time":{"start":1718608396000,"stop":1718608400137,"duration":4137},"status":"passed","severity":"normal"},{"uid":"1736794ba1d754d9","name":"Alerts Authenticated alert","time":{"start":1718608378000,"stop":1718608379739,"duration":1739},"status":"passed","severity":"normal"},{"uid":"37155b916671adb","name":"static dropdown Dynamic dropdown","time":{"start":1718608396000,"stop":1718608403077,"duration":7077},"status":"passed","severity":"normal"},{"uid":"f4d9724175b17e48","name":"appraoch1 appraoch2","time":{"start":1718608360000,"stop":1718608365852,"duration":5852},"status":"passed","severity":"normal"},{"uid":"1da0de86ab192880","name":"handeling frames approch1","time":{"start":1718608349000,"stop":1718608352752,"duration":3752},"status":"passed","severity":"normal"},{"uid":"4aa20d1e2c434925","name":"Assertion Demo explicit assertion","time":{"start":1718608345000,"stop":1718608345372,"duration":372},"status":"passed","severity":"normal"},{"uid":"15f4783ea2337309","name":"Handle Tables \"before each\" hook: Login for \"Check Number Rows & Columns\"","time":{"start":1718608446000,"stop":1718608446000,"duration":0},"status":"failed","severity":"normal"},{"uid":"e81ca75242a1bcdd","name":"Alerts JS Confirm Alert with Prompt","time":{"start":1718608378000,"stop":1718608378599,"duration":599},"status":"passed","severity":"normal"},{"uid":"fb55c9fa3a8d16ed","name":"Check UI elements checking radio button","time":{"start":1718608440000,"stop":1718608442312,"duration":2312},"status":"passed","severity":"normal"},{"uid":"25b377cab4c85113","name":"appraoch1 approach1","time":{"start":1718608360000,"stop":1718608367931,"duration":7931},"status":"passed","severity":"normal"},{"uid":"77b5be9708aa7299","name":"My First Test test1","time":{"start":1718608424000,"stop":1718608425648,"duration":1648},"status":"passed","severity":"normal"},{"uid":"a4e82b130b150d59","name":"Handle Tables Pagination","time":{"start":1718606434000,"stop":1718606454450,"duration":20450},"status":"passed","severity":"normal"},{"uid":"e4c133699ae01ac4","name":"user sign up & login flow Login","time":{"start":1718608414000,"stop":1718608415557,"duration":1557},"status":"passed","severity":"normal"},{"uid":"8a3b9ad428f0e367","name":"handeling frames approch2","time":{"start":1718608349000,"stop":1718608352063,"duration":3063},"status":"passed","severity":"normal"},{"uid":"b3d706df94a9eeb4","name":"Alerts JS Confirm Alert with OK","time":{"start":1718608378000,"stop":1718608378385,"duration":385},"status":"passed","severity":"normal"},{"uid":"8912a3c5c560f468","name":"My Second Test test4","time":{"start":1718608432000,"stop":1718608432830,"duration":830},"status":"passed","severity":"normal"},{"uid":"21068e44d566b603","name":"Handle Tables Check Number Rows & Columns","time":{"start":1718608250000,"stop":1718608253675,"duration":3675},"status":"passed","severity":"normal"},{"uid":"87691b9437a7982c","name":"My First Test test2","time":{"start":1718608424000,"stop":1718608425373,"duration":1373},"status":"passed","severity":"normal"},{"uid":"55fa234756450f73","name":"Handle Tables Check cell data from specific row & Column","time":{"start":1718608250000,"stop":1718608252590,"duration":2590},"status":"passed","severity":"normal"},{"uid":"a58f9b058eda82a8","name":"user sign up & login flow should sign up successfully","time":{"start":1718608414000,"stop":1718608417495,"duration":3495},"status":"passed","severity":"normal"},{"uid":"6874f0ce2eb5cb70","name":"user sign up & login flow Inupt section","time":{"start":1718608414000,"stop":1718608415406,"duration":1406},"status":"passed","severity":"normal"},{"uid":"7291d63b7a505b72","name":"Alerts JS Alert","time":{"start":1718608378000,"stop":1718608381603,"duration":3603},"status":"passed","severity":"normal"},{"uid":"b37fd960190cfe1e","name":"Handle Tables Read all the rows & Columns data in the first page","time":{"start":1718606434000,"stop":1718606436684,"duration":2684},"status":"passed","severity":"normal"}]