{"total":11,"items":[{"uid":"dfeac1d2df8e6e02cc0738f8761d34ec","name":"Handle Tables","statistic":{"failed":2,"broken":0,"skipped":0,"passed":4,"unknown":0,"total":6}},{"uid":"9ebbe1cb91ae97189cf7d08cabc2fd7c","name":"Alerts","statistic":{"failed":0,"broken":0,"skipped":0,"passed":5,"unknown":0,"total":5}},{"uid":"5bc71106de09692f0628d3093df7ade4","name":"user sign up & login flow","statistic":{"failed":0,"broken":0,"skipped":0,"passed":3,"unknown":0,"total":3}},{"uid":"a85238648a601c1c47ba2181f3928141","name":"handeling frames","statistic":{"failed":0,"broken":0,"skipped":0,"passed":2,"unknown":0,"total":2}},{"uid":"a2086aec099d8abea1583bfa851a526e","name":"appraoch1","statistic":{"failed":0,"broken":0,"skipped":0,"passed":2,"unknown":0,"total":2}},{"uid":"3d421b8c81806ac945d0d7c148afaef6","name":"static dropdown","statistic":{"failed":0,"broken":0,"skipped":0,"passed":2,"unknown":0,"total":2}},{"uid":"e34bcb469eaec599ffd4e8c4fdd353e9","name":"My First Test","statistic":{"failed":0,"broken":0,"skipped":0,"passed":2,"unknown":0,"total":2}},{"uid":"1373ca6658c1aeea2328efd4d9d33969","name":"My Second Test","statistic":{"failed":0,"broken":0,"skipped":0,"passed":2,"unknown":0,"total":2}},{"uid":"0bc274f9ef569990fdce7cdaca9ff77d","name":"Assertion Demo","statistic":{"failed":0,"broken":0,"skipped":0,"passed":1,"unknown":0,"total":1}},{"uid":"17ea02c27d0ba62a193da35e0c9dfdb2","name":"Css Selector","statistic":{"failed":0,"broken":0,"skipped":0,"passed":1,"unknown":0,"total":1}}]}